[
  {
    "id": "c4c5d418-fbf8-42b9-aa17-3a5c992a18e0",
    "data": [
      {
        "text": "email Id",
        "meta": "@ContactIITM",
        "alias": "contactiitm",
        "userDefined": false
      },
      {
        "text": " Of IITM",
        "userDefined": false
      }
    ],
    "isTemplate": false,
    "count": 0,
    "lang": "en",
    "updated": 0
  },
  {
    "id": "282a34a7-3301-4a8f-be4d-126079bb03dc",
    "data": [
      {
        "text": "I have ",
        "userDefined": false
      },
      {
        "text": "Done Payment",
        "meta": "@ContactIITM",
        "alias": "contactiitm",
        "userDefined": true
      },
      {
        "text": " But Batch Not Showing",
        "userDefined": false
      }
    ],
    "isTemplate": false,
    "count": 0,
    "lang": "en",
    "updated": 0
  },
  {
    "id": "72a1cd33-7192-49f9-af06-b8861bcd04fa",
    "data": [
      {
        "text": "Payment",
        "meta": "@ContactIITM",
        "alias": "contactiitm",
        "userDefined": true
      },
      {
        "text": " Related Issues",
        "userDefined": false
      }
    ],
    "isTemplate": false,
    "count": 0,
    "lang": "en",
    "updated": 0
  },
  {
    "id": "39b606bf-3310-4264-81e1-3e2b45d1e805",
    "data": [
      {
        "text": "How To ",
        "userDefined": false
      },
      {
        "text": "Contact",
        "userDefined": true
      },
      {
        "text": " iit",
        "userDefined": false
      }
    ],
    "isTemplate": false,
    "count": 0,
    "lang": "en",
    "updated": 0
  },
  {
    "id": "3307db2c-3825-45e5-82fc-7ad8aa1bd593",
    "data": [
      {
        "text": "How to ",
        "userDefined": false
      },
      {
        "text": "Change Phone Number",
        "meta": "@ContactIITM",
        "alias": "contactiitm",
        "userDefined": true
      }
    ],
    "isTemplate": false,
    "count": 0,
    "lang": "en",
    "updated": 0
  },
  {
    "id": "9eb54a72-aff3-4ac7-9be0-1ab2c0cbd183",
    "data": [
      {
        "text": "Hi i need to change my ",
        "userDefined": false
      },
      {
        "text": "contact",
        "meta": "@ContactIITM",
        "alias": "contactiitm",
        "userDefined": false
      },
      {
        "text": " number for my iitm bs online degree",
        "userDefined": false
      }
    ],
    "isTemplate": false,
    "count": 0,
    "lang": "en",
    "updated": 0
  },
  {
    "id": "653e4ab7-3382-4125-a5a0-9ecbd6281c33",
    "data": [
      {
        "text": "I want my ",
        "userDefined": false
      },
      {
        "text": "I\u0027d card",
        "userDefined": false
      },
      {
        "text": " and ",
        "userDefined": false
      },
      {
        "text": "email address",
        "meta": "@ContactIITM",
        "alias": "contactiitm",
        "userDefined": false
      },
      {
        "text": " provided through IITM bs in data science course",
        "userDefined": false
      }
    ],
    "isTemplate": false,
    "count": 0,
    "lang": "en",
    "updated": 0
  },
  {
    "id": "e6ca0e0f-07ef-41ac-9e6e-c59b5abfc1df",
    "data": [
      {
        "text": "Payment done",
        "meta": "@ContactIITM",
        "alias": "contactiitm",
        "userDefined": false
      },
      {
        "text": " but didn\u0027t get the batch",
        "userDefined": false
      }
    ],
    "isTemplate": false,
    "count": 0,
    "lang": "en",
    "updated": 0
  },
  {
    "id": "710c6208-9b7e-4094-a48c-1e01d5683837",
    "data": [
      {
        "text": "I needed ",
        "userDefined": false
      },
      {
        "text": "I\u0027d card",
        "userDefined": false
      }
    ],
    "isTemplate": false,
    "count": 0,
    "lang": "en",
    "updated": 0
  },
  {
    "id": "3c03191f-4684-4eb2-bf72-ddfb331713f7",
    "data": [
      {
        "text": "I ",
        "userDefined": false
      },
      {
        "text": "needed I\u0027d card",
        "meta": "@ContactIITM",
        "alias": "contactiitm",
        "userDefined": true
      }
    ],
    "isTemplate": false,
    "count": 16,
    "lang": "en",
    "updated": 0
  },
  {
    "data": [
      {
        "text": "How long does it typically takes to complete",
        "meta": "@ContactIITM",
        "alias": "contactiitm",
        "userDefined": false
      },
      {
        "text": " bs degree",
        "userDefined": false
      }
    ],
    "isTemplate": false,
    "count": 0,
    "lang": "en",
    "updated": 0
  }
]