[
  {
    "id": "8835cd0c-69f6-46c9-92a5-7a632dafec31",
    "data": [
      {
        "text": "kkrh",
        "meta": "@hindi",
        "alias": "hindi",
        "userDefined": true
      }
    ],
    "isTemplate": false,
    "count": 0,
    "lang": "en",
    "updated": 0
  },
  {
    "id": "dae8b87f-a8c0-4027-8f81-220fb7bf83ee",
    "data": [
      {
        "text": "Kya aap nahi",
        "userDefined": false
      }
    ],
    "isTemplate": false,
    "count": 1,
    "lang": "en",
    "updated": 0
  },
  {
    "id": "f5a0f088-846b-4b29-9e5a-885130f03b28",
    "data": [
      {
        "text": "Elon musk",
        "meta": "@sys.person",
        "alias": "person",
        "userDefined": false
      },
      {
        "text": " pic",
        "userDefined": false
      }
    ],
    "isTemplate": false,
    "count": 1,
    "lang": "en",
    "updated": 0
  }
]