[
  {
    "id": "246e69fa-9d67-4047-b9c0-12df2b24bb18",
    "data": [
      {
        "text": "Help",
        "meta": "@help",
        "alias": "help",
        "userDefined": false
      }
    ],
    "isTemplate": false,
    "count": 0,
    "lang": "en",
    "updated": 0
  },
  {
    "id": "40d642bb-9ca4-43f1-9661-287f60e9a14a",
    "data": [
      {
        "text": "I Needed ",
        "userDefined": false
      },
      {
        "text": "Help",
        "meta": "@help",
        "alias": "help",
        "userDefined": false
      }
    ],
    "isTemplate": false,
    "count": 0,
    "lang": "en",
    "updated": 0
  },
  {
    "data": [
      {
        "text": "Now I don\u0027t needed you",
        "userDefined": false
      }
    ],
    "isTemplate": false,
    "count": 3,
    "lang": "en",
    "updated": 0
  },
  {
    "data": [
      {
        "text": "Don\u0027t need ",
        "userDefined": false
      },
      {
        "text": "help",
        "meta": "@help",
        "alias": "help",
        "userDefined": false
      }
    ],
    "isTemplate": false,
    "count": 2,
    "lang": "en",
    "updated": 0
  },
  {
    "data": [
      {
        "text": "I did not needed you",
        "userDefined": false
      }
    ],
    "isTemplate": false,
    "count": 2,
    "lang": "en",
    "updated": 0
  },
  {
    "data": [
      {
        "text": "Thanks Now Get Lost I don\u0027t need Your ",
        "userDefined": false
      },
      {
        "text": "Help",
        "meta": "@help",
        "alias": "help",
        "userDefined": false
      }
    ],
    "isTemplate": false,
    "count": 1,
    "lang": "en",
    "updated": 0
  }
]