[
  {
    "id": "52451b4c-6049-45d1-8240-146c267a677f",
    "data": [
      {
        "text": "hello",
        "meta": "@Hii",
        "alias": "Hii",
        "userDefined": false
      },
      {
        "text": " ",
        "userDefined": false
      },
      {
        "text": "Can You Help Me",
        "meta": "@Hii",
        "alias": "Hii",
        "userDefined": false
      }
    ],
    "isTemplate": false,
    "count": 0,
    "lang": "en",
    "updated": 0
  },
  {
    "id": "d403bc48-80ae-41c8-906d-aa09e5d212cc",
    "data": [
      {
        "text": "hello",
        "meta": "@Hii",
        "alias": "Hii",
        "userDefined": false
      }
    ],
    "isTemplate": false,
    "count": 0,
    "lang": "en",
    "updated": 0
  },
  {
    "id": "1c06cf94-224b-4db2-8588-26f38d4053d1",
    "data": [
      {
        "text": "hii",
        "meta": "@Hii",
        "alias": "Hii",
        "userDefined": true
      },
      {
        "text": " Hello",
        "userDefined": false
      }
    ],
    "isTemplate": false,
    "count": 0,
    "lang": "en",
    "updated": 0
  }
]