[
  {
    "data": [
      {
        "text": "Thanks",
        "meta": "@Thanks",
        "alias": "thanks",
        "userDefined": false
      },
      {
        "text": " Now Get Lost I don\u0027t need Your ",
        "userDefined": false
      },
      {
        "text": "Help",
        "meta": "@help",
        "alias": "help",
        "userDefined": false
      }
    ],
    "isTemplate": false,
    "count": 0,
    "lang": "en",
    "updated": 0
  },
  {
    "data": [
      {
        "text": "Don\u0027t need ",
        "userDefined": false
      },
      {
        "text": "help",
        "meta": "@help",
        "alias": "help",
        "userDefined": false
      }
    ],
    "isTemplate": false,
    "count": 0,
    "lang": "en",
    "updated": 0
  },
  {
    "data": [
      {
        "text": "Thanks",
        "meta": "@Thanks",
        "alias": "thanks",
        "userDefined": false
      },
      {
        "text": " for ",
        "userDefined": false
      },
      {
        "text": "helping",
        "meta": "@help",
        "alias": "help",
        "userDefined": false
      },
      {
        "text": " now I ",
        "userDefined": false
      },
      {
        "text": "didn\u0027t needed your help",
        "meta": "@dontneed",
        "alias": "dontneed",
        "userDefined": false
      }
    ],
    "isTemplate": false,
    "count": 1,
    "lang": "en",
    "updated": 0
  }
]