[
  {
    "id": "75a0ec50-dc4b-41ff-a085-c12611cfdcdd",
    "data": [
      {
        "text": "important Books",
        "meta": "@Book",
        "alias": "Book",
        "userDefined": true
      }
    ],
    "isTemplate": false,
    "count": 0,
    "lang": "en",
    "updated": 0
  },
  {
    "id": "719f704b-97e6-4643-a332-4e93da2a480a",
    "data": [
      {
        "text": "I needed Some Important ",
        "userDefined": false
      },
      {
        "text": "Books",
        "meta": "@Book",
        "alias": "Book",
        "userDefined": true
      },
      {
        "text": " From  IIT ",
        "userDefined": false
      },
      {
        "text": "Madras",
        "userDefined": false
      }
    ],
    "isTemplate": false,
    "count": 0,
    "lang": "en",
    "updated": 0
  },
  {
    "data": [
      {
        "text": "Bhaiya ",
        "userDefined": false
      },
      {
        "text": "Book",
        "meta": "@Book",
        "alias": "book",
        "userDefined": false
      },
      {
        "text": " ",
        "userDefined": false
      },
      {
        "text": "mil",
        "meta": "@sys.phone-number",
        "alias": "phone-number",
        "userDefined": false
      },
      {
        "text": " sakta h kaya",
        "userDefined": false
      }
    ],
    "isTemplate": false,
    "count": 0,
    "lang": "en",
    "updated": 0
  }
]