[
  {
    "id": "05f690e9-4e11-4d62-ba51-8dbb29405dbd",
    "data": [
      {
        "text": "Mock",
        "userDefined": false
      }
    ],
    "isTemplate": false,
    "count": 2,
    "lang": "en",
    "updated": 0
  },
  {
    "id": "4e716521-a7d0-40bb-9f3c-f0648369a305",
    "data": [
      {
        "text": "Maths 4 Mock",
        "meta": "@MathsMock",
        "alias": "MathsMock",
        "userDefined": true
      },
      {
        "text": " Needed",
        "userDefined": false
      }
    ],
    "isTemplate": false,
    "count": 0,
    "lang": "en",
    "updated": 0
  },
  {
    "id": "b7737a65-839a-496b-a97f-613ea0ccc2f4",
    "data": [
      {
        "text": "Maths Mock",
        "meta": "@MathsMock",
        "alias": "MathsMock",
        "userDefined": true
      },
      {
        "text": " Needed",
        "userDefined": false
      }
    ],
    "isTemplate": false,
    "count": 1,
    "lang": "en",
    "updated": 0
  },
  {
    "id": "2cc6ed14-6b98-4179-9def-43108c9158af",
    "data": [
      {
        "text": "Mock 4",
        "meta": "@MathsMock",
        "alias": "MathsMock",
        "userDefined": true
      },
      {
        "text": " Neeeded",
        "userDefined": false
      }
    ],
    "isTemplate": false,
    "count": 0,
    "lang": "en",
    "updated": 0
  },
  {
    "data": [
      {
        "text": "Maths ",
        "userDefined": false
      },
      {
        "text": "mock 4",
        "meta": "@MathsMock",
        "alias": "mathsmock",
        "userDefined": false
      },
      {
        "text": " needed",
        "userDefined": false
      }
    ],
    "isTemplate": false,
    "count": 0,
    "lang": "en",
    "updated": 0
  },
  {
    "data": [
      {
        "text": "Maths mock",
        "meta": "@MathsMock",
        "alias": "MathsMock",
        "userDefined": false
      },
      {
        "text": " week ",
        "userDefined": false
      },
      {
        "text": "4",
        "userDefined": false
      }
    ],
    "isTemplate": false,
    "count": 0,
    "lang": "en",
    "updated": 0
  }
]