[
  {
    "id": "ed3451d6-dfc6-47f0-96c7-b4e19d69c49e",
    "data": [
      {
        "text": "CT",
        "meta": "@Subject",
        "alias": "Subject",
        "userDefined": true
      },
      {
        "text": "  ",
        "userDefined": false
      },
      {
        "text": "Week 5",
        "meta": "@week",
        "alias": "week",
        "userDefined": true
      },
      {
        "text": " Graded Assignment",
        "userDefined": false
      }
    ],
    "isTemplate": false,
    "count": 0,
    "lang": "en",
    "updated": 0
  },
  {
    "id": "d020b577-25bf-4968-bf9b-06ba772c12b1",
    "data": [
      {
        "text": "Maths",
        "meta": "@Subject",
        "alias": "Subject",
        "userDefined": true
      },
      {
        "text": " ",
        "userDefined": false
      },
      {
        "text": "Week 3",
        "meta": "@week",
        "alias": "week",
        "userDefined": true
      },
      {
        "text": " Graded Assignment",
        "userDefined": false
      }
    ],
    "isTemplate": false,
    "count": 0,
    "lang": "en",
    "updated": 0
  },
  {
    "id": "a82c8b26-bfa5-4596-9d16-8f2dfc2e08d2",
    "data": [
      {
        "text": "ga",
        "userDefined": false
      }
    ],
    "isTemplate": false,
    "count": 0,
    "lang": "en",
    "updated": 0
  },
  {
    "id": "e04d4025-19d9-470b-a505-477bb4eb135f",
    "data": [
      {
        "text": "Needed Graded Assignment",
        "userDefined": false
      }
    ],
    "isTemplate": false,
    "count": 0,
    "lang": "en",
    "updated": 0
  },
  {
    "id": "ef49f38e-5923-400d-800f-13c1496cf91e",
    "data": [
      {
        "text": "I needed graded assignment OF ",
        "userDefined": false
      },
      {
        "text": "English",
        "meta": "@Subject",
        "alias": "Subject",
        "userDefined": true
      },
      {
        "text": " ",
        "userDefined": false
      },
      {
        "text": "week 1",
        "meta": "@week",
        "alias": "week",
        "userDefined": true
      }
    ],
    "isTemplate": false,
    "count": 0,
    "lang": "en",
    "updated": 0
  },
  {
    "id": "488bf943-1394-4cb6-9ea6-0ca598f82a87",
    "data": [
      {
        "text": "Ga",
        "userDefined": false
      }
    ],
    "isTemplate": false,
    "count": 0,
    "lang": "en",
    "updated": 0
  },
  {
    "id": "63f67c72-bcbd-4fbc-b4dd-15f9c460d756",
    "data": [
      {
        "text": "Can I get answers of ",
        "userDefined": false
      },
      {
        "text": "week 5",
        "meta": "@week",
        "alias": "week",
        "userDefined": true
      }
    ],
    "isTemplate": false,
    "count": 2,
    "lang": "en",
    "updated": 0
  },
  {
    "id": "3956db1e-23ad-47ee-89d6-bf6b971eebbf",
    "data": [
      {
        "text": "Answers of ",
        "userDefined": false
      },
      {
        "text": "week 5",
        "meta": "@week",
        "alias": "week",
        "userDefined": true
      }
    ],
    "isTemplate": false,
    "count": 0,
    "lang": "en",
    "updated": 0
  },
  {
    "id": "c1224525-6831-4020-bbe0-5db5659fe683",
    "data": [
      {
        "text": "Week ",
        "userDefined": false
      },
      {
        "text": "5",
        "meta": "@sys.number",
        "alias": "number",
        "userDefined": false
      },
      {
        "text": " answers",
        "userDefined": false
      }
    ],
    "isTemplate": false,
    "count": 0,
    "lang": "en",
    "updated": 0
  },
  {
    "id": "f5e04226-dd21-4ec1-a8c2-ee1e51a96bfb",
    "data": [
      {
        "text": "Week 4",
        "meta": "@week",
        "alias": "week",
        "userDefined": false
      },
      {
        "text": " ",
        "userDefined": false
      },
      {
        "text": "maths",
        "meta": "@Subject",
        "alias": "Subject",
        "userDefined": false
      },
      {
        "text": " Graded Assignment",
        "userDefined": false
      }
    ],
    "isTemplate": false,
    "count": 2,
    "lang": "en",
    "updated": 0
  },
  {
    "id": "b305ff59-6be6-4d98-a2b2-b27982daff40",
    "data": [
      {
        "text": "Week 1",
        "userDefined": false
      }
    ],
    "isTemplate": false,
    "count": 1,
    "lang": "en",
    "updated": 0
  },
  {
    "id": "c399fbc1-7d95-4fd5-b4e6-25dae6d1d7df",
    "data": [
      {
        "text": "Hyy bahi ga chaiye",
        "userDefined": false
      }
    ],
    "isTemplate": false,
    "count": 2,
    "lang": "en",
    "updated": 0
  },
  {
    "id": "fb651ba9-db9e-4ca4-b9c9-babee0d54fd7",
    "data": [
      {
        "text": "Stats ",
        "userDefined": false
      },
      {
        "text": "week 6",
        "meta": "@week",
        "alias": "week",
        "userDefined": false
      },
      {
        "text": " bhejdo pls 🙏",
        "userDefined": false
      }
    ],
    "isTemplate": false,
    "count": 1,
    "lang": "en",
    "updated": 0
  },
  {
    "id": "809f3834-c685-4b45-a4aa-09eb9355ce4c",
    "data": [
      {
        "text": "Stats week 6",
        "meta": "@Subject",
        "alias": "Subject",
        "userDefined": false
      },
      {
        "text": " bhejdo pls 🙏",
        "userDefined": false
      }
    ],
    "isTemplate": false,
    "count": 0,
    "lang": "en",
    "updated": 0
  },
  {
    "id": "e5580f37-675f-41f2-92fa-9c2c08d2166d",
    "data": [
      {
        "text": "Statistics ",
        "userDefined": false
      },
      {
        "text": "1",
        "meta": "@sys.number",
        "alias": "number",
        "userDefined": false
      }
    ],
    "isTemplate": false,
    "count": 0,
    "lang": "en",
    "updated": 0
  },
  {
    "id": "62042e04-4e16-47a7-ab59-2bca7315fd2a",
    "data": [
      {
        "text": "Statistics 1",
        "meta": "@Subject",
        "alias": "Subject",
        "userDefined": false
      }
    ],
    "isTemplate": false,
    "count": 0,
    "lang": "en",
    "updated": 0
  },
  {
    "id": "97351cf6-1277-40c1-b82a-2c324b70dc23",
    "data": [
      {
        "text": "Week 7",
        "meta": "@week",
        "alias": "week",
        "userDefined": false
      }
    ],
    "isTemplate": false,
    "count": 1,
    "lang": "en",
    "updated": 0
  },
  {
    "id": "6968ba7f-c52d-47c8-8ac4-21a5308eaa8b",
    "data": [
      {
        "text": "Week 6",
        "meta": "@week",
        "alias": "week",
        "userDefined": false
      }
    ],
    "isTemplate": false,
    "count": 1,
    "lang": "en",
    "updated": 0
  }
]