[
  {
    "id": "fd716fdb-d520-459a-a0a0-6340edcf6e9c",
    "data": [
      {
        "text": "needed ",
        "userDefined": false
      },
      {
        "text": "Formula",
        "meta": "@notes",
        "alias": "notes",
        "userDefined": true
      }
    ],
    "isTemplate": false,
    "count": 1,
    "lang": "en",
    "updated": 0
  },
  {
    "id": "435d1acd-abfc-480a-91b4-571194da4514",
    "data": [
      {
        "text": "english ",
        "userDefined": false
      },
      {
        "text": "Notes",
        "meta": "@notes",
        "alias": "notes",
        "userDefined": true
      }
    ],
    "isTemplate": false,
    "count": 0,
    "lang": "en",
    "updated": 0
  },
  {
    "id": "67984659-6bff-4c1c-bb75-8be8fe88dfca",
    "data": [
      {
        "text": "Notes Chaiye",
        "meta": "@notes",
        "alias": "notes",
        "userDefined": true
      },
      {
        "text": " Bhai",
        "userDefined": false
      }
    ],
    "isTemplate": false,
    "count": 0,
    "lang": "en",
    "updated": 0
  },
  {
    "id": "f0c1c51c-4662-4c85-aaab-6a8c200c8ad4",
    "data": [
      {
        "text": "CT ",
        "userDefined": false
      },
      {
        "text": "Notes",
        "meta": "@notes",
        "alias": "notes",
        "userDefined": true
      }
    ],
    "isTemplate": false,
    "count": 0,
    "lang": "en",
    "updated": 0
  },
  {
    "id": "2534f132-f810-4114-8902-275122b65ecf",
    "data": [
      {
        "text": "Statistics ",
        "userDefined": false
      },
      {
        "text": "Notes",
        "meta": "@notes",
        "alias": "notes",
        "userDefined": true
      }
    ],
    "isTemplate": false,
    "count": 0,
    "lang": "en",
    "updated": 0
  },
  {
    "id": "4209a2ff-dd6e-4637-b300-d9ed178853a8",
    "data": [
      {
        "text": "HandWritten Notes",
        "meta": "@notes",
        "alias": "notes",
        "userDefined": true
      }
    ],
    "isTemplate": false,
    "count": 0,
    "lang": "en",
    "updated": 0
  },
  {
    "id": "50ff4d14-0f42-4a96-96f1-b5d612332321",
    "data": [
      {
        "text": "needed Notes",
        "meta": "@notes",
        "alias": "notes",
        "userDefined": true
      }
    ],
    "isTemplate": false,
    "count": 0,
    "lang": "en",
    "updated": 0
  },
  {
    "id": "85690109-7780-48e4-94f1-5ba7ccc941d1",
    "data": [
      {
        "text": "Pyq of maths ",
        "userDefined": false
      },
      {
        "text": "1",
        "userDefined": false
      }
    ],
    "isTemplate": false,
    "count": 0,
    "lang": "en",
    "updated": 0
  },
  {
    "id": "02c91fe2-95c5-4b47-8c08-67f12e495553",
    "data": [
      {
        "text": "notes",
        "userDefined": false
      }
    ],
    "isTemplate": false,
    "count": 0,
    "lang": "en",
    "updated": 0
  },
  {
    "id": "82af151e-15b1-4850-b799-0cd40e6f8d6f",
    "data": [
      {
        "text": "Notes",
        "userDefined": false
      }
    ],
    "isTemplate": false,
    "count": 0,
    "lang": "en",
    "updated": 0
  }
]