[
  {
    "id": "ecfd1fe1-f588-4c65-94f8-11009b99336b",
    "data": [
      {
        "text": "IIT Madras ka ",
        "userDefined": false
      },
      {
        "text": "Placement",
        "meta": "@placement",
        "alias": "placement",
        "userDefined": true
      },
      {
        "text": " Ka Kya Sceine h",
        "userDefined": false
      }
    ],
    "isTemplate": false,
    "count": 0,
    "lang": "en",
    "updated": 0
  },
  {
    "id": "3c1c90a6-986e-43c1-8604-035f024402ba",
    "data": [
      {
        "text": "placement",
        "meta": "@placement",
        "alias": "placement",
        "userDefined": true
      }
    ],
    "isTemplate": false,
    "count": 0,
    "lang": "en",
    "updated": 0
  },
  {
    "id": "88121832-6442-44b9-82ca-ff5a739a9516",
    "data": [
      {
        "text": "placements",
        "meta": "@placement",
        "alias": "placement",
        "userDefined": false
      }
    ],
    "isTemplate": false,
    "count": 0,
    "lang": "en",
    "updated": 0
  },
  {
    "id": "ea1a85a5-6fee-42d0-be88-8f1628b64188",
    "data": [
      {
        "text": "what about ",
        "userDefined": false
      },
      {
        "text": "placements",
        "meta": "@placement",
        "alias": "placement",
        "userDefined": false
      }
    ],
    "isTemplate": false,
    "count": 0,
    "lang": "en",
    "updated": 0
  }
]