[
  {
    "id": "2e06f724-bd6b-432b-aa4e-49fc1c65dea9",
    "data": [
      {
        "text": "can i get ",
        "userDefined": false
      },
      {
        "text": "Previous Year",
        "meta": "@PYQ",
        "alias": "pyq",
        "userDefined": false
      },
      {
        "text": " question",
        "userDefined": false
      }
    ],
    "isTemplate": false,
    "count": 0,
    "lang": "en",
    "updated": 0
  },
  {
    "id": "c5dcddfa-22e7-4fe1-80de-63e8a8f48926",
    "data": [
      {
        "text": "Previous Year",
        "meta": "@PYQ",
        "alias": "pyq",
        "userDefined": false
      },
      {
        "text": " Questions Needed",
        "userDefined": false
      }
    ],
    "isTemplate": false,
    "count": 0,
    "lang": "en",
    "updated": 0
  },
  {
    "id": "f5a691b4-225c-4ac8-8d89-910903c5b92b",
    "data": [
      {
        "text": "Qualifier ",
        "userDefined": false
      },
      {
        "text": "Previous Year",
        "meta": "@PYQ",
        "alias": "pyq",
        "userDefined": false
      },
      {
        "text": " Quesions",
        "userDefined": false
      }
    ],
    "isTemplate": false,
    "count": 0,
    "lang": "en",
    "updated": 0
  },
  {
    "id": "a84d0154-d9bc-4f6f-bcc3-96e039876125",
    "data": [
      {
        "text": "needed Pyq",
        "userDefined": false
      }
    ],
    "isTemplate": false,
    "count": 0,
    "lang": "en",
    "updated": 0
  },
  {
    "id": "29ba440f-5f20-4669-8110-06d9242272a6",
    "data": [
      {
        "text": "Can I get Pyq",
        "userDefined": false
      }
    ],
    "isTemplate": false,
    "count": 0,
    "lang": "en",
    "updated": 0
  },
  {
    "id": "e183dbf6-c7aa-4a14-9650-62d51ba40e8a",
    "data": [
      {
        "text": "Can you provide me ",
        "userDefined": false
      },
      {
        "text": "last year paper",
        "meta": "@PYQ",
        "alias": "pyq",
        "userDefined": false
      }
    ],
    "isTemplate": false,
    "count": 0,
    "lang": "en",
    "updated": 0
  },
  {
    "id": "dbd47014-2d82-4fd9-8ed3-17c21acb09d4",
    "data": [
      {
        "text": "Pyq",
        "meta": "@PYQ",
        "alias": "pyq",
        "userDefined": false
      },
      {
        "text": " of ",
        "userDefined": false
      },
      {
        "text": "maths 1",
        "meta": "@Subject",
        "alias": "Subject",
        "userDefined": true
      }
    ],
    "isTemplate": false,
    "count": 4,
    "lang": "en",
    "updated": 0
  },
  {
    "id": "8b17df70-43cf-4bcd-8769-f9ce8963cf24",
    "data": [
      {
        "text": "Pyq",
        "meta": "@PYQ",
        "alias": "pyq",
        "userDefined": true
      }
    ],
    "isTemplate": false,
    "count": 2,
    "lang": "en",
    "updated": 0
  },
  {
    "id": "27743fbd-8348-43f9-95cb-49a1dfbbba6c",
    "data": [
      {
        "text": "Pyq",
        "userDefined": false
      }
    ],
    "isTemplate": false,
    "count": 2,
    "lang": "en",
    "updated": 0
  },
  {
    "id": "e9df0197-ec6a-41e0-b72b-34c80a5e222e",
    "data": [
      {
        "text": "Quiz 1",
        "meta": "@PYQ",
        "alias": "pyq",
        "userDefined": false
      },
      {
        "text": " paper",
        "userDefined": false
      }
    ],
    "isTemplate": false,
    "count": 0,
    "lang": "en",
    "updated": 0
  },
  {
    "id": "a874bce1-f016-4d44-8d85-988aa6acdcd1",
    "data": [
      {
        "text": "I want to ",
        "userDefined": false
      },
      {
        "text": "quiz-2",
        "meta": "@PYQ",
        "alias": "pyq",
        "userDefined": false
      },
      {
        "text": " exam of online ",
        "userDefined": false
      },
      {
        "text": "degree",
        "meta": "@PYQ",
        "alias": "pyq",
        "userDefined": false
      },
      {
        "text": " of IITM bs in data science",
        "userDefined": false
      }
    ],
    "isTemplate": false,
    "count": 0,
    "lang": "en",
    "updated": 0
  }
]