[
  {
    "id": "82dcd8a0-bcb2-4112-940a-80198eb607b6",
    "data": [
      {
        "text": "Failed At Qualifier",
        "meta": "@level",
        "alias": "whichlevel",
        "userDefined": true
      },
      {
        "text": " in ",
        "userDefined": false
      },
      {
        "text": "3 Subjects",
        "meta": "@Subjects",
        "alias": "subjects",
        "userDefined": true
      }
    ],
    "isTemplate": false,
    "count": 0,
    "lang": "en",
    "updated": 0
  },
  {
    "id": "31aacb4b-4576-4cdd-97db-8aa08a4e6cb7",
    "data": [
      {
        "text": "I ",
        "userDefined": false
      },
      {
        "text": "Didn\u0027t Attempted Qualifier",
        "meta": "@level",
        "alias": "whichlevel",
        "userDefined": true
      }
    ],
    "isTemplate": false,
    "count": 0,
    "lang": "en",
    "updated": 0
  },
  {
    "id": "9a982941-eaf4-4ab5-8996-4cb58373321e",
    "data": [
      {
        "text": "hii i ",
        "userDefined": false
      },
      {
        "text": "failed at Qualifier",
        "meta": "@level",
        "alias": "whichlevel",
        "userDefined": true
      },
      {
        "text": " in ",
        "userDefined": false
      },
      {
        "text": "4 Subjects",
        "meta": "@Subjects",
        "alias": "subjects",
        "userDefined": true
      }
    ],
    "isTemplate": false,
    "count": 0,
    "lang": "en",
    "updated": 0
  },
  {
    "data": [
      {
        "text": "Foundation",
        "meta": "@level",
        "alias": "whichlevel",
        "userDefined": false
      }
    ],
    "isTemplate": false,
    "count": 4,
    "lang": "en",
    "updated": 0
  }
]