[
  {
    "id": "71051140-1baf-49ed-83e8-367c922de6f5",
    "data": [
      {
        "text": "failed",
        "meta": "@Support",
        "alias": "supports",
        "userDefined": true
      }
    ],
    "isTemplate": false,
    "count": 0,
    "lang": "en",
    "updated": 0
  },
  {
    "id": "5e46f0ab-c590-4da0-96c7-21b3f0f8ed94",
    "data": [
      {
        "text": "I ",
        "userDefined": false
      },
      {
        "text": "failed in Qualifier",
        "meta": "@Support",
        "alias": "supports",
        "userDefined": true
      }
    ],
    "isTemplate": false,
    "count": 1,
    "lang": "en",
    "updated": 0
  }
]