[
  {
    "id": "572028b5-0630-43f0-80e6-f5987f467154",
    "data": [
      {
        "text": "Thank You",
        "meta": "@Thanks",
        "alias": "Thanks",
        "userDefined": true
      }
    ],
    "isTemplate": false,
    "count": 0,
    "lang": "en",
    "updated": 0
  },
  {
    "id": "eaef6f24-ce87-43f8-9677-4872666b6f30",
    "data": [
      {
        "text": "Thanks",
        "meta": "@Thanks",
        "alias": "Thanks",
        "userDefined": true
      }
    ],
    "isTemplate": false,
    "count": 0,
    "lang": "en",
    "updated": 0
  },
  {
    "data": [
      {
        "text": "Wow",
        "userDefined": false
      }
    ],
    "isTemplate": false,
    "count": 0,
    "lang": "en",
    "updated": 0
  }
]