[
  {
    "id": "ff370003-0a96-47c1-a050-bfbdc16f37ea",
    "data": [
      {
        "text": "how can You Help",
        "meta": "@whatcanyou",
        "alias": "whatcanyou",
        "userDefined": true
      },
      {
        "text": " Me",
        "userDefined": false
      }
    ],
    "isTemplate": false,
    "count": 0,
    "lang": "en",
    "updated": 0
  },
  {
    "id": "7204dbc2-6343-4b7e-8796-328bfd4d979f",
    "data": [
      {
        "text": "What Can You Do",
        "meta": "@whatcanyou",
        "alias": "whatcanyou",
        "userDefined": true
      }
    ],
    "isTemplate": false,
    "count": 0,
    "lang": "en",
    "updated": 0
  },
  {
    "data": [
      {
        "text": "What is IITian GPT?",
        "userDefined": false
      }
    ],
    "isTemplate": false,
    "count": 0,
    "lang": "en",
    "updated": 0
  }
]