[
  {
    "id": "530570f7-c037-4347-b901-fcb7e77183a6",
    "data": [
      {
        "text": "your Answers were ",
        "userDefined": false
      },
      {
        "text": "Wrong",
        "meta": "@wrong",
        "alias": "wrong",
        "userDefined": true
      }
    ],
    "isTemplate": false,
    "count": 0,
    "lang": "en",
    "updated": 0
  },
  {
    "id": "d17ada43-9816-4f29-adbb-48b9898fd1c0",
    "data": [
      {
        "text": "you gave me ",
        "userDefined": false
      },
      {
        "text": "wrong",
        "meta": "@wrong",
        "alias": "wrong",
        "userDefined": true
      },
      {
        "text": " answers",
        "userDefined": false
      }
    ],
    "isTemplate": false,
    "count": 0,
    "lang": "en",
    "updated": 0
  }
]