[
  {
    "value": "Ops 😅 I am AI I can\u0027t Understand Even Hindi Language And You Think I will Understand WhatsApp Language. anyways Nothing Just Helping India To Grow",
    "synonyms": [
      "Ops 😅 I am AI I can\u0027t Understand Even Hindi Language And You Think I will Understand WhatsApp Language. anyways Nothing Just Helping India To Grow",
      "kkrh",
      "kaha"
    ]
  },
  {
    "value": "Ops 😅 I am AI I can\u0027t Understand Even Hindi Language And You Think I will Understand WhatsApp Language. anyways Nothing Just Helping India To Grow",
    "synonyms": [
      "kkrh"
    ]
  },
  {
    "value": "Elon Musk :- Very Good Person Ahead No Comment On Him",
    "synonyms": [
      "Elon Musk"
    ]
  }
]