[
  {
    "value": "Certainly! Here is a link to access the CT notes: [CT Notes] https://drive.google.com/drive/folders/1d53ykg8xDICCNwNX-cIdqiCVX5qeVJld?usp\u003dsharing Or I would Suggest Check This Site All Arranged And Best Notes One Place https://sites.google.com/student.onlinedegree.iitm.ac.in/datasciencenotes/notes?authuser\u003d0",
    "synonyms": [
      "ct",
      "computational thinking"
    ]
  },
  {
    "value": "Certainly! Here is a link to access the Statistics notes: [Statistics Notes]  https://drive.google.com/drive/folders/1aCT0GFtSj3Mn7VHLOtWidHNCimq5Mspf?usp\u003dsharing I would Suggest Check This Site All Arranged And Best Notes One Place https://sites.google.com/student.onlinedegree.iitm.ac.in/datasciencenotes/notes?authuser\u003d0",
    "synonyms": [
      "Statis",
      "statistics"
    ]
  },
  {
    "value": "Certainly! Here is a link to access the Maths notes: [Maths Notes]  https://drive.google.com/drive/folders/14iGrCOXZfkoJ818VUjvrddqjilE0fRjA?usp\u003dsharing I would Suggest Check This Site All Arranged And Best Notes One Place https://sites.google.com/student.onlinedegree.iitm.ac.in/datasciencenotes/notes?authuser\u003d0",
    "synonyms": [
      "maths",
      "mathematics"
    ]
  },
  {
    "value": "Certainly! Here is a link to access the English notes: [english  Notes] https://drive.google.com/drive/folders/14iGrCOXZfkoJ818VUjvrddqjilE0fRjA?usp\u003dsharing I would Suggest Check This Site All Arranged And Best Notes One Place https://sites.google.com/student.onlinedegree.iitm.ac.in/datasciencenotes/notes?authuser\u003d0",
    "synonyms": [
      "english",
      "eng"
    ]
  },
  {
    "value": "Certainly! Here is a link to access the Phyton notes: [Phyton  Notes] https://drive.google.com/drive/folders/1R_kcJ85o9bnOyFKtPCmiO3louTQ69_nV?usp\u003dsharing I would Suggest Check This Site All Arranged And Best Notes One Place https://sites.google.com/student.onlinedegree.iitm.ac.in/datasciencenotes/notes?authuser\u003d0",
    "synonyms": [
      "Phyton"
    ]
  },
  {
    "value": "Certainly! You Reached Right Place  Here is a link to access the ALL notes: [ALL in One  Notes] Check This Site All Arranged And Best Notes One Place https://sites.google.com/student.onlinedegree.iitm.ac.in/datasciencenotes/notes?authuser\u003d0",
    "synonyms": [
      "Certainly! Here is a link to access the Statistics notes: [Statistics Notes]  https://drive.google.com/drive/folders/1aCT0GFtSj3Mn7VHLOtWidHNCimq5Mspf?usp\u003dsharing I would Suggest Check This Site All Arranged And Best Notes One Place https://sites.google.com/student.onlinedegree.iitm.ac.in/datasciencenotes/notes?authuser\u003d0",
      "All",
      "All Subjects"
    ]
  }
]