[
  {
    "value": "okk Please note that this link will direct you to the Qualifier PYQ section, Enjoy   https://drive.google.com/drive/folders/1XnasDhWG2RxKwjJmkbcXawQMs10vURM0?usp\u003dsharing    And https://drive.google.com/folderview?id\u003d1durgdtA-aON8-QMWziF_aSr-hk8M0TRo",
    "synonyms": [
      "Qualifier",
      "qualifier pyq"
    ]
  },
  {
    "value": "Hurray Here Is Your Link Please note that this link will direct you to the Foundation PYQ section, Enjoy  https://drive.google.com/drive/folders/1CcDaco2ayQLxk-pAs1vSMXtDSyWH4E1F?usp\u003dsharing And https://drive.google.com/folderview?id\u003d1durgdtA-aON8-QMWziF_aSr-hk8M0TRo",
    "synonyms": [
      "Foundation",
      "foundation Pyq"
    ]
  },
  {
    "value": "Certainly! Here is a link to access the Degree Previous years questions : [Degree PYQ] https://drive.google.com/drive/folders/1R7wI6gAxLX65vlxJJxbmDoR0NsNzQGJ0?usp\u003dsharing And https://drive.google.com/folderview?id\u003d1durgdtA-aON8-QMWziF_aSr-hk8M0TRo",
    "synonyms": [
      "degree Pyq",
      "Degree"
    ]
  }
]