[
  {
    "value": "Maths",
    "synonyms": [
      "Maths",
      "Maths 1",
      "Maths 2"
    ]
  },
  {
    "value": "Statistics",
    "synonyms": [
      "Statistics",
      "Statistics 1"
    ]
  },
  {
    "value": "CT",
    "synonyms": [
      "CT",
      "CT 1",
      "CT 2",
      "Computational Thinking 2"
    ]
  },
  {
    "value": "English",
    "synonyms": [
      "English",
      "English 1",
      "English 2"
    ]
  },
  {
    "value": "Phyton",
    "synonyms": [
      "Phyton"
    ]
  }
]