[
  {
    "value": "iff Somthing Happen Exam Will Pospond haaaa ! I would Like To Remind You This degree Is made During Corona",
    "synonyms": [
      "iff Somthing Happen Exam Will Pospond"
    ]
  },
  {
    "value": "The qualifier marks will be valid for the 3 terms that come subsequent to the qualifier exam date for the learner to register to the Foundation level. This score will be invalid after this period and the learner will have to go through the entire qualifier process (the 1 month of weekly assignments) and retake the qualifier exam, if they wish to enroll in the programme.",
    "synonyms": [
      "qualifier marks will be valid for the 3 terms",
      "qualifier marks will be valid"
    ]
  },
  {
    "value": "A learner who became eligible for the hall ticket in the qualifier process of a term but was absent for the final exam or failed in the first attempt will be eligible to re-attempt the qualifier exam in the same term without having to repeat the assignments. by paying fees",
    "synonyms": [
      "Reattempting the qualifier exam",
      "reattempt"
    ]
  },
  {
    "value": "if You fail in two subjects in Qualifier And  You Are going For Reattempt then you can give all subject Exam  Or In which You Failed Basically Best Of The Two Will Be Your Final Score",
    "synonyms": [
      "if i fail in two subjects in Qualifier",
      "failed",
      "fail"
    ]
  }
]