[
  {
    "value": "Week 1 Graded Assignment, you can follow this Google Drive link: [Week 1 Graded Assignment Answers]  https://drive.google.com/drive/folders/1-b4v8vmldzqd9yEQK3S4w8qsAj3p11ak?usp\u003dsharing",
    "synonyms": [
      "week 1"
    ]
  },
  {
    "value": "Week 2 Graded Assignment, you can follow this Google Drive link: [Week 2 Graded Assignment Answers]  https://drive.google.com/drive/folders/1lLif6Az5l5mTHjXdHLLcO0U4nEBjtQkn?usp\u003dsharing",
    "synonyms": [
      "week 2"
    ]
  },
  {
    "value": "Week 3 Graded Assignment, you can follow this Google Drive link: [Week 3 Graded Assignment Answers]  https://drive.google.com/drive/folders/1qMvct1-Dw5lHZmVwyeENjTnWPKKjlUoK?usp\u003dsharing",
    "synonyms": [
      "week 3"
    ]
  },
  {
    "value": "Week 4 Graded Assignment, you can follow this Google Drive link: [Week 4 Graded Assignment Answers]  https://drive.google.com/drive/folders/1FfPflaUyl1Tza_rzDMQjSMmYpaUqo3mR?usp\u003dsharing",
    "synonyms": [
      "week 4"
    ]
  },
  {
    "value": "Week 5 Graded Assignment, you can follow this Google Drive link: [Week 5 Graded Assignment Answers] https://drive.google.com/drive/folders/17_ku9UPVhn7lkB2YjDf2sUMOgb2DHZGD?usp\u003ddrive_link",
    "synonyms": [
      "Week 5"
    ]
  },
  {
    "value": "Week 6 Graded Assignment, you can follow this Google Drive link: [Week 6 Graded Assignment Answers]  https://drive.google.com/drive/folders/1CQ7poKsuincWknz_U7PbTUooEBJ5ac6C?usp\u003dsharing",
    "synonyms": [
      "Week 6"
    ]
  },
  {
    "value": "Week 7 Graded Assignment, you can follow this Google Drive link: [Week 7 Graded Assignment Answers] https://drive.google.com/drive/folders/1BBNEY-2xiIYAiOBcmlpNlNs1ZenacV7e?usp\u003ddrive_link",
    "synonyms": [
      "Graded Assignment, you can follow this Google Drive link: [Week 3 Graded Assignment Answers]",
      "week 7"
    ]
  },
  {
    "value": "Week 8 Graded Assignment, you can follow this Google Drive link: [Week 8 Graded Assignment Answers] https://drive.google.com/drive/folders/14b4zsoM_A6QFwFZudJjC8I4Fgu-Navb1?usp\u003ddrive_link",
    "synonyms": [
      "Graded Assignment, you can follow this Google Drive link: [Week 3 Graded Assignment Answers]",
      "week 8"
    ]
  },
  {
    "value": "Updating Soon ..........",
    "synonyms": [
      "Graded Assignment, you can follow this Google Drive link: [Week 3 Graded Assignment Answers]"
    ]
  },
  {
    "value": "Week 9 Graded Assignment, you can follow this Google Drive link: [Week 9 Graded Assignment Answers] https://drive.google.com/drive/folders/15whlEXcbyshK1UjEZ3Uvdqt4tUa8YTXe?usp\u003dsharing  Or https://iitmadrasstudentscommunity.me/tag/week-9-graded-assignments-iit-madras/",
    "synonyms": [
      "week 9"
    ]
  },
  {
    "value": "Week 10 Graded Assignment, you can follow this Google Drive link: [Week 10 Graded Assignment Answers] https://drive.google.com/drive/folders/1rWIcg0qVaEUPoR5YSXr19EftGhLJPWfZ?usp\u003dsharing",
    "synonyms": [
      "week 10 https://drive.google.com/drive/folders/1rWIcg0qVaEUPoR5YSXr19EftGhLJPWfZ?usp\u003dsharing",
      "week 10"
    ]
  },
  {
    "value": "Week 11 Graded Assignment, you can follow this Google Drive link: [Week 11 Graded Assignment Answers] https://drive.google.com/drive/folders/1nViT_TLVCtKgdO2irUuGolI0Y3mCqd38?usp\u003ddrive_link",
    "synonyms": [
      "https://drive.google.com/drive/folders/1nViT_TLVCtKgdO2irUuGolI0Y3mCqd38?usp\u003ddrive_link",
      "Week 11"
    ]
  },
  {
    "value": "Week 12 Graded Assignment, you can follow this Google Drive link: [Week 12 Graded Assignment Answers] https://drive.google.com/drive/folders/1TUKaES40lqY3pX67pD7qblS8wlMjSStR?usp\u003dsharing",
    "synonyms": [
      "https://drive.google.com/drive/folders/1TUKaES40lqY3pX67pD7qblS8wlMjSStR?usp\u003dsharing",
      "week 12",
      "Week 12"
    ]
  }
]